currency_code,iso_numeric,minor_units,currency_name
AED,784,2,UAE Dirham
AUD,036,2,Australian Dollar
BGN,975,2,Bulgarian Lev
BHD,048,3,Bahraini Dinar
CAD,124,2,Canadian Dollar
CHF,756,2,Swiss Franc
CLP,152,0,Chilean Peso
CZK,203,2,Czech Koruna
DKK,208,2,Danish Krone
EUR,978,2,Euro
GBP,826,2,Pound Sterling
HKD,344,2,Hong Kong Dollar
HUF,348,2,Forint
INR,356,2,Indian Rupee
ISK,352,0,Iceland Krona
JOD,400,3,Jordanian Dinar
JPY,392,0,Yen
KRW,410,0,Won
KWD,414,3,Kuwaiti Dinar
NOK,578,2,Norwegian Krone
NZD,554,2,New Zealand Dollar
PLN,985,2,Zloty
RON,946,2,Romanian Leu
SAR,682,2,Saudi Riyal
SEK,752,2,Swedish Krona
SGD,702,2,Singapore Dollar
TND,788,3,Tunisian Dinar
TRY,949,2,Turkish Lira
USD,840,2,US Dollar
VND,704,0,Dong
ZAR,710,2,Rand
